{
    "496a1": {
        "label": "496a1",
        "rank": 0,
        "equation": "y^2 = x^3 + x + 1",
        "conductor": 496,
        "note": "Control case: L(E,1) ≠ 0, Φ_E(1) should vanish to order 0",
        "bsd_invariants": {
            "torsion_order": 1,
            "tamagawa_product": 1,
            "real_period": 2.5092968,
            "regulator": 1.0,
            "sha_order": 1
        },
        "l_values": {
            "L_at_1": 0.4995776,
            "L_prime_at_1": 0.0,
            "L_double_prime_at_1": 0.0
        },
        "spectral_data": {
            "ap_primes": [
                2,
                3,
                5,
                7,
                11,
                13,
                17,
                19,
                23,
                29,
                31,
                37,
                41,
                43,
                47,
                53,
                59,
                61,
                67,
                71,
                73,
                79,
                83,
                89,
                97,
                101,
                103,
                107,
                109,
                113,
                127,
                131,
                137,
                139,
                149,
                151,
                157,
                163,
                167,
                173,
                179,
                181,
                191,
                193,
                197,
                199,
                211,
                223,
                227,
                229,
                233,
                239,
                241,
                251,
                257,
                263,
                269,
                271,
                277,
                281,
                283,
                293,
                307,
                311,
                313,
                317,
                331,
                337,
                347,
                349,
                353,
                359,
                367,
                373,
                379,
                383,
                389,
                397,
                401,
                409,
                419,
                421,
                431,
                433,
                439,
                443,
                449,
                457,
                461,
                463,
                467,
                479,
                487,
                491,
                499,
                503,
                509,
                521,
                523,
                541
            ],
            "ap_sequence": [
                -1,
                0,
                2,
                2,
                0,
                -6,
                -6,
                -2,
                0,
                10,
                0,
                2,
                -6,
                6,
                -2,
                6,
                0,
                -6,
                10,
                -6,
                -6,
                -10,
                6,
                2,
                10,
                -6,
                6,
                6,
                -2,
                10,
                -10,
                6,
                -6,
                10,
                6,
                -6,
                14,
                -6,
                2,
                -10,
                10,
                6,
                14,
                -6,
                6,
                -2,
                -18,
                -6,
                -10,
                10,
                -6,
                14,
                -2,
                -6,
                -6,
                14,
                6,
                10,
                -6,
                10,
                6,
                2,
                6,
                14,
                -6,
                14,
                -6,
                -2,
                10,
                -18,
                6,
                6,
                -10,
                6,
                -18,
                -6,
                10,
                10,
                14,
                2,
                -10,
                -10,
                -6,
                6,
                -6,
                -18,
                6,
                10,
                14,
                6,
                6,
                2,
                6,
                -6,
                14,
                -18,
                10,
                -6,
                2,
                -10
            ],
            "eigenvalue_placeholder": null
        },
        "iran_formula_test": {
            "predicted_vanish_order": 0,
            "phi_E_at_1": 0.19909248,
            "status": "EXPECTED_PASS"
        },
        "bsd_prediction": {
            "predicted_leading_coefficient": 2.5092968,
            "actual_l_value": 0.4995776,
            "ratio": 0.19909248,
            "bsd_consistent": false
        }
    },
    "32a3": {
        "label": "32a3",
        "rank": 1,
        "equation": "y^2 = x^3 - x",
        "conductor": 32,
        "note": "Matak's Iran Formula explicit test case. Heegner point: (0, 0)",
        "bsd_invariants": {
            "torsion_order": 2,
            "tamagawa_product": 2,
            "real_period": 5.2441912,
            "regulator": 0.0511114,
            "sha_order": 1
        },
        "l_values": {
            "L_at_1": 0.0,
            "L_prime_at_1": 0.3059997,
            "L_double_prime_at_1": 0.0
        },
        "spectral_data": {
            "ap_primes": [
                2,
                3,
                5,
                7,
                11,
                13,
                17,
                19,
                23,
                29,
                31,
                37,
                41,
                43,
                47,
                53,
                59,
                61,
                67,
                71,
                73,
                79,
                83,
                89,
                97,
                101,
                103,
                107,
                109,
                113,
                127,
                131,
                137,
                139,
                149,
                151,
                157,
                163,
                167,
                173,
                179,
                181,
                191,
                193,
                197,
                199,
                211,
                223,
                227,
                229,
                233,
                239,
                241,
                251,
                257,
                263,
                269,
                271,
                277,
                281,
                283,
                293,
                307,
                311,
                313,
                317,
                331,
                337,
                347,
                349,
                353,
                359,
                367,
                373,
                379,
                383,
                389,
                397,
                401,
                409,
                419,
                421,
                431,
                433,
                439,
                443,
                449,
                457,
                461,
                463,
                467,
                479,
                487,
                491,
                499,
                503,
                509,
                521,
                523,
                541
            ],